alternative_id,check_id,horizon,baseline_estimate,alternative_estimate,estimate_delta,baseline_standard_error,alternative_standard_error,baseline_nobs,alternative_nobs
ra-alt-ed5c2aa2a14eddfa516c629020579ddc,ra-check-4381c1fabc0180978aec15efc6c64e44,0,0.03926033726243894,0.056371441007818414,0.017111103745379476,0.056984108791936015,0.06828474582350809,88,89
ra-alt-ed5c2aa2a14eddfa516c629020579ddc,ra-check-4381c1fabc0180978aec15efc6c64e44,1,0.08884441550919353,0.11479345625355339,0.025949040744359858,0.1173044350317145,0.12670445225602156,87,88
ra-alt-ed5c2aa2a14eddfa516c629020579ddc,ra-check-4381c1fabc0180978aec15efc6c64e44,2,-0.02728807154893864,-0.006306964584447683,0.02098110696449096,0.13744670035635603,0.13742070788185254,86,87
ra-alt-ed5c2aa2a14eddfa516c629020579ddc,ra-check-4381c1fabc0180978aec15efc6c64e44,3,-0.06389949799356032,-0.05826569118656,0.005633806807000319,0.16012269767889292,0.16163018294122927,85,86
ra-alt-ed5c2aa2a14eddfa516c629020579ddc,ra-check-4381c1fabc0180978aec15efc6c64e44,4,-0.0736382750717699,-0.07359543692221715,4.283814955274856e-05,0.20019531882191136,0.204653986870273,84,85
ra-alt-ed5c2aa2a14eddfa516c629020579ddc,ra-check-4381c1fabc0180978aec15efc6c64e44,5,-0.228028544839038,-0.23537877627513082,-0.007350231436092813,0.2741903915745273,0.2805891752295567,83,84
ra-alt-ed5c2aa2a14eddfa516c629020579ddc,ra-check-4381c1fabc0180978aec15efc6c64e44,6,-0.3743143784222882,-0.38809920404496473,-0.013784825622676522,0.315926425274495,0.33394365699943607,82,83
ra-alt-ed5c2aa2a14eddfa516c629020579ddc,ra-check-4381c1fabc0180978aec15efc6c64e44,7,-0.36073642672522976,-0.38201619690076416,-0.021279770175534396,0.37204592313135926,0.3931561884934042,81,82
ra-alt-ed5c2aa2a14eddfa516c629020579ddc,ra-check-4381c1fabc0180978aec15efc6c64e44,8,-0.4728469298278788,-0.48454378171657364,-0.011696851888694848,0.45459498943419524,0.4700765670576979,80,81
ra-alt-ed5c2aa2a14eddfa516c629020579ddc,ra-check-4381c1fabc0180978aec15efc6c64e44,9,-0.633574462499146,-0.6550358442279706,-0.021461381728824613,0.5331970962288147,0.5525398828531076,79,80
ra-alt-ed5c2aa2a14eddfa516c629020579ddc,ra-check-4381c1fabc0180978aec15efc6c64e44,10,-0.9177320970198553,-0.9313094997998932,-0.01357740278003794,0.5288314146495513,0.5595671976060319,78,79
ra-alt-ed5c2aa2a14eddfa516c629020579ddc,ra-check-4381c1fabc0180978aec15efc6c64e44,11,-1.0268993286290757,-1.0552613244317146,-0.028361995802638873,0.5877216549578701,0.6288217213259234,77,78
ra-alt-ed5c2aa2a14eddfa516c629020579ddc,ra-check-4381c1fabc0180978aec15efc6c64e44,12,-1.2707114677946487,-1.2963346694135118,-0.025623201618863112,0.6357759137437142,0.6724161130512758,76,77
ra-alt-ed5c2aa2a14eddfa516c629020579ddc,ra-check-4381c1fabc0180978aec15efc6c64e44,13,-1.5787427864398458,-1.5884368697206777,-0.009694083280831878,0.8127718520565138,0.8233085967844321,75,76
ra-alt-ed5c2aa2a14eddfa516c629020579ddc,ra-check-4381c1fabc0180978aec15efc6c64e44,14,-1.7528880904816537,-1.7862279341951692,-0.033339843713515505,0.9074788778252456,0.9144963282188828,74,75
ra-alt-ed5c2aa2a14eddfa516c629020579ddc,ra-check-4381c1fabc0180978aec15efc6c64e44,15,-1.9211579401840044,-1.969998127966035,-0.048840187782030586,0.941722407804948,0.9498395399611768,73,74
ra-alt-ed5c2aa2a14eddfa516c629020579ddc,ra-check-4381c1fabc0180978aec15efc6c64e44,16,-1.9506905899743934,-2.0122439037915045,-0.061553313817111155,0.9374466533394901,0.9935609711858504,72,73
ra-alt-ed5c2aa2a14eddfa516c629020579ddc,ra-check-4381c1fabc0180978aec15efc6c64e44,17,-2.019083762751703,-2.101344792693725,-0.08226102994202211,0.9307194048356139,0.9972791438982609,71,72
ra-alt-d520ffb46adc8874ef66966e28441c52,ra-check-4381c1fabc0180978aec15efc6c64e44,0,0.03926033726243894,0.02370413002947344,-0.015556207232965497,0.056984108791936015,0.06648981818730947,88,87
ra-alt-d520ffb46adc8874ef66966e28441c52,ra-check-4381c1fabc0180978aec15efc6c64e44,1,0.08884441550919353,0.05716908150672939,-0.03167533400246414,0.1173044350317145,0.15283767268029405,87,86
ra-alt-d520ffb46adc8874ef66966e28441c52,ra-check-4381c1fabc0180978aec15efc6c64e44,2,-0.02728807154893864,-0.04434571416040123,-0.017057642611462587,0.13744670035635603,0.16439873005053834,86,85
ra-alt-d520ffb46adc8874ef66966e28441c52,ra-check-4381c1fabc0180978aec15efc6c64e44,3,-0.06389949799356032,-0.0800980111988503,-0.016198513205289977,0.16012269767889292,0.17885200293079181,85,84
ra-alt-d520ffb46adc8874ef66966e28441c52,ra-check-4381c1fabc0180978aec15efc6c64e44,4,-0.0736382750717699,-0.06726702171983323,0.006371253351936668,0.20019531882191136,0.2238408571031218,84,83
ra-alt-d520ffb46adc8874ef66966e28441c52,ra-check-4381c1fabc0180978aec15efc6c64e44,5,-0.228028544839038,-0.19142951494280358,0.036599029896234425,0.2741903915745273,0.2927912683893977,83,82
ra-alt-d520ffb46adc8874ef66966e28441c52,ra-check-4381c1fabc0180978aec15efc6c64e44,6,-0.3743143784222882,-0.36616179918217484,0.008152579240113367,0.315926425274495,0.32489814491953023,82,81
ra-alt-d520ffb46adc8874ef66966e28441c52,ra-check-4381c1fabc0180978aec15efc6c64e44,7,-0.36073642672522976,-0.4278332925147217,-0.06709686578949192,0.37204592313135926,0.39628965224188695,81,80
ra-alt-d520ffb46adc8874ef66966e28441c52,ra-check-4381c1fabc0180978aec15efc6c64e44,8,-0.4728469298278788,-0.5350675500359028,-0.06222062020802399,0.45459498943419524,0.4760051404582155,80,79
ra-alt-d520ffb46adc8874ef66966e28441c52,ra-check-4381c1fabc0180978aec15efc6c64e44,9,-0.633574462499146,-0.7206109093436064,-0.08703644684446044,0.5331970962288147,0.5592244498271729,79,78
ra-alt-d520ffb46adc8874ef66966e28441c52,ra-check-4381c1fabc0180978aec15efc6c64e44,10,-0.9177320970198553,-0.9828225630788034,-0.0650904660589482,0.5288314146495513,0.5505820330182046,78,77
ra-alt-d520ffb46adc8874ef66966e28441c52,ra-check-4381c1fabc0180978aec15efc6c64e44,11,-1.0268993286290757,-1.1325311058100094,-0.10563177718093364,0.5877216549578701,0.5994593591066443,77,76
ra-alt-d520ffb46adc8874ef66966e28441c52,ra-check-4381c1fabc0180978aec15efc6c64e44,12,-1.2707114677946487,-1.4210534671076762,-0.1503419993130275,0.6357759137437142,0.6613640291333701,76,75
ra-alt-d520ffb46adc8874ef66966e28441c52,ra-check-4381c1fabc0180978aec15efc6c64e44,13,-1.5787427864398458,-1.691744371395882,-0.11300158495603618,0.8127718520565138,0.8523647285700326,75,74
ra-alt-d520ffb46adc8874ef66966e28441c52,ra-check-4381c1fabc0180978aec15efc6c64e44,14,-1.7528880904816537,-1.818634396505523,-0.06574630602386922,0.9074788778252456,1.0128755297576493,74,73
ra-alt-d520ffb46adc8874ef66966e28441c52,ra-check-4381c1fabc0180978aec15efc6c64e44,15,-1.9211579401840044,-2.0267836704012154,-0.105625730217211,0.941722407804948,1.0245089727754118,73,72
ra-alt-d520ffb46adc8874ef66966e28441c52,ra-check-4381c1fabc0180978aec15efc6c64e44,16,-1.9506905899743934,-2.0446228782240192,-0.09393228824962585,0.9374466533394901,1.0003053621371283,72,71
ra-alt-d520ffb46adc8874ef66966e28441c52,ra-check-4381c1fabc0180978aec15efc6c64e44,17,-2.019083762751703,-2.0681468769206153,-0.0490631141689124,0.9307194048356139,0.990917391630883,71,70
ra-alt-43e0051a2f5b919d8317bfb8649c4e88,ra-check-077835ba64641086db09119bd2ac2655,0,0.03926033726243894,0.03926033726243894,0.0,0.056984108791936015,0.06359825716647406,88,88
ra-alt-43e0051a2f5b919d8317bfb8649c4e88,ra-check-077835ba64641086db09119bd2ac2655,1,0.08884441550919353,0.08884441550919353,0.0,0.1173044350317145,0.11740027682968689,87,87
ra-alt-43e0051a2f5b919d8317bfb8649c4e88,ra-check-077835ba64641086db09119bd2ac2655,2,-0.02728807154893864,-0.02728807154893864,0.0,0.13744670035635603,0.15608384806134348,86,86
ra-alt-43e0051a2f5b919d8317bfb8649c4e88,ra-check-077835ba64641086db09119bd2ac2655,3,-0.06389949799356032,-0.06389949799356032,0.0,0.16012269767889292,0.1944049194989975,85,85
ra-alt-43e0051a2f5b919d8317bfb8649c4e88,ra-check-077835ba64641086db09119bd2ac2655,4,-0.0736382750717699,-0.0736382750717699,0.0,0.20019531882191136,0.2361274300225512,84,84
ra-alt-43e0051a2f5b919d8317bfb8649c4e88,ra-check-077835ba64641086db09119bd2ac2655,5,-0.228028544839038,-0.228028544839038,0.0,0.2741903915745273,0.30309555931121196,83,83
ra-alt-43e0051a2f5b919d8317bfb8649c4e88,ra-check-077835ba64641086db09119bd2ac2655,6,-0.3743143784222882,-0.3743143784222882,0.0,0.315926425274495,0.37207679608749994,82,82
ra-alt-43e0051a2f5b919d8317bfb8649c4e88,ra-check-077835ba64641086db09119bd2ac2655,7,-0.36073642672522976,-0.36073642672522976,0.0,0.37204592313135926,0.4399454081297381,81,81
ra-alt-43e0051a2f5b919d8317bfb8649c4e88,ra-check-077835ba64641086db09119bd2ac2655,8,-0.4728469298278788,-0.4728469298278788,0.0,0.45459498943419524,0.5115380694811533,80,80
ra-alt-43e0051a2f5b919d8317bfb8649c4e88,ra-check-077835ba64641086db09119bd2ac2655,9,-0.633574462499146,-0.633574462499146,0.0,0.5331970962288147,0.5885951662321763,79,79
ra-alt-43e0051a2f5b919d8317bfb8649c4e88,ra-check-077835ba64641086db09119bd2ac2655,10,-0.9177320970198553,-0.9177320970198553,0.0,0.5288314146495513,0.5997716556546446,78,78
ra-alt-43e0051a2f5b919d8317bfb8649c4e88,ra-check-077835ba64641086db09119bd2ac2655,11,-1.0268993286290757,-1.0268993286290757,0.0,0.5877216549578701,0.648806434230476,77,77
ra-alt-43e0051a2f5b919d8317bfb8649c4e88,ra-check-077835ba64641086db09119bd2ac2655,12,-1.2707114677946487,-1.2707114677946487,0.0,0.6357759137437142,0.6781988938821933,76,76
ra-alt-43e0051a2f5b919d8317bfb8649c4e88,ra-check-077835ba64641086db09119bd2ac2655,13,-1.5787427864398458,-1.5787427864398458,0.0,0.8127718520565138,0.8112517056269862,75,75
ra-alt-43e0051a2f5b919d8317bfb8649c4e88,ra-check-077835ba64641086db09119bd2ac2655,14,-1.7528880904816537,-1.7528880904816537,0.0,0.9074788778252456,0.8915187515806314,74,74
ra-alt-43e0051a2f5b919d8317bfb8649c4e88,ra-check-077835ba64641086db09119bd2ac2655,15,-1.9211579401840044,-1.9211579401840044,0.0,0.941722407804948,0.9186851752214775,73,73
ra-alt-43e0051a2f5b919d8317bfb8649c4e88,ra-check-077835ba64641086db09119bd2ac2655,16,-1.9506905899743934,-1.9506905899743934,0.0,0.9374466533394901,0.9103545880063636,72,72
ra-alt-43e0051a2f5b919d8317bfb8649c4e88,ra-check-077835ba64641086db09119bd2ac2655,17,-2.019083762751703,-2.019083762751703,0.0,0.9307194048356139,0.9148077573590827,71,71
ra-alt-3a0e72ad4d76d2df661f8835ccea7b8e,ra-check-3a9fe68cc441b45c1a8ccb68c340ea1c,0,0.03926033726243894,-0.002923963799022128,-0.042184301061461066,0.056984108791936015,0.05648992711421993,88,71
ra-alt-3a0e72ad4d76d2df661f8835ccea7b8e,ra-check-3a9fe68cc441b45c1a8ccb68c340ea1c,1,0.08884441550919353,0.08319648555664821,-0.005647929952545316,0.1173044350317145,0.14265199330879633,87,71
ra-alt-3a0e72ad4d76d2df661f8835ccea7b8e,ra-check-3a9fe68cc441b45c1a8ccb68c340ea1c,2,-0.02728807154893864,0.0777267335584651,0.10501480510740374,0.13744670035635603,0.11919134735480083,86,71
ra-alt-3a0e72ad4d76d2df661f8835ccea7b8e,ra-check-3a9fe68cc441b45c1a8ccb68c340ea1c,3,-0.06389949799356032,-0.002320838252938051,0.061578659740622266,0.16012269767889292,0.15868348739271623,85,71
ra-alt-3a0e72ad4d76d2df661f8835ccea7b8e,ra-check-3a9fe68cc441b45c1a8ccb68c340ea1c,4,-0.0736382750717699,0.0017520704052700342,0.07539034547703993,0.20019531882191136,0.2040824933050156,84,71
ra-alt-3a0e72ad4d76d2df661f8835ccea7b8e,ra-check-3a9fe68cc441b45c1a8ccb68c340ea1c,5,-0.228028544839038,-0.08598705727247535,0.14204148756656265,0.2741903915745273,0.26740262150739547,83,71
ra-alt-3a0e72ad4d76d2df661f8835ccea7b8e,ra-check-3a9fe68cc441b45c1a8ccb68c340ea1c,6,-0.3743143784222882,-0.2217460511944256,0.15256832722786262,0.315926425274495,0.31940249451322705,82,71
ra-alt-3a0e72ad4d76d2df661f8835ccea7b8e,ra-check-3a9fe68cc441b45c1a8ccb68c340ea1c,7,-0.36073642672522976,-0.2640436952613646,0.09669273146386514,0.37204592313135926,0.3599322627677985,81,71
ra-alt-3a0e72ad4d76d2df661f8835ccea7b8e,ra-check-3a9fe68cc441b45c1a8ccb68c340ea1c,8,-0.4728469298278788,-0.3138373785232125,0.15900955130466632,0.45459498943419524,0.4258548431237491,80,71
ra-alt-3a0e72ad4d76d2df661f8835ccea7b8e,ra-check-3a9fe68cc441b45c1a8ccb68c340ea1c,9,-0.633574462499146,-0.47920878271003065,0.1543656797891153,0.5331970962288147,0.49679801985785704,79,71
ra-alt-3a0e72ad4d76d2df661f8835ccea7b8e,ra-check-3a9fe68cc441b45c1a8ccb68c340ea1c,10,-0.9177320970198553,-0.7735481249234866,0.14418397209636868,0.5288314146495513,0.4996251461078399,78,71
ra-alt-3a0e72ad4d76d2df661f8835ccea7b8e,ra-check-3a9fe68cc441b45c1a8ccb68c340ea1c,11,-1.0268993286290757,-0.8673265547280854,0.15957277390099034,0.5877216549578701,0.542939904814987,77,71
ra-alt-3a0e72ad4d76d2df661f8835ccea7b8e,ra-check-3a9fe68cc441b45c1a8ccb68c340ea1c,12,-1.2707114677946487,-1.1230533832084357,0.147658084586213,0.6357759137437142,0.6151370370188812,76,71
ra-alt-3a0e72ad4d76d2df661f8835ccea7b8e,ra-check-3a9fe68cc441b45c1a8ccb68c340ea1c,13,-1.5787427864398458,-1.2915206173397153,0.28722216910013043,0.8127718520565138,0.7080591223054954,75,71
ra-alt-3a0e72ad4d76d2df661f8835ccea7b8e,ra-check-3a9fe68cc441b45c1a8ccb68c340ea1c,14,-1.7528880904816537,-1.4676088393234519,0.28527925115820185,0.9074788778252456,0.7462559887577133,74,71
ra-alt-3a0e72ad4d76d2df661f8835ccea7b8e,ra-check-3a9fe68cc441b45c1a8ccb68c340ea1c,15,-1.9211579401840044,-1.6701917982803351,0.2509661419036693,0.941722407804948,0.7957036778505374,73,71
ra-alt-3a0e72ad4d76d2df661f8835ccea7b8e,ra-check-3a9fe68cc441b45c1a8ccb68c340ea1c,16,-1.9506905899743934,-1.7638853168537953,0.18680527312059803,0.9374466533394901,0.8585275937156233,72,71
ra-alt-3a0e72ad4d76d2df661f8835ccea7b8e,ra-check-3a9fe68cc441b45c1a8ccb68c340ea1c,17,-2.019083762751703,-2.019083762751703,0.0,0.9307194048356139,0.9307194048356157,71,71
ra-alt-4ac79a1a6ebcf54b54441e27454cef89,ra-check-bc473607aa39a18e94dfdbf98833cdc5,0,0.03926033726243894,0.03094053834692509,-0.008319798915513849,0.056984108791936015,0.05399123694614065,88,84
ra-alt-4ac79a1a6ebcf54b54441e27454cef89,ra-check-bc473607aa39a18e94dfdbf98833cdc5,1,0.08884441550919353,0.07607299714197735,-0.01277141836721618,0.1173044350317145,0.1247941589593268,87,83
ra-alt-4ac79a1a6ebcf54b54441e27454cef89,ra-check-bc473607aa39a18e94dfdbf98833cdc5,2,-0.02728807154893864,-0.05601240011285713,-0.02872432856391849,0.13744670035635603,0.15596548341814326,86,82
ra-alt-4ac79a1a6ebcf54b54441e27454cef89,ra-check-bc473607aa39a18e94dfdbf98833cdc5,3,-0.06389949799356032,-0.09973540563291594,-0.035835907639355624,0.16012269767889292,0.17602903724578864,85,81
ra-alt-4ac79a1a6ebcf54b54441e27454cef89,ra-check-bc473607aa39a18e94dfdbf98833cdc5,4,-0.0736382750717699,-0.10819141728166959,-0.03455314220989969,0.20019531882191136,0.2202136798742277,84,80
ra-alt-4ac79a1a6ebcf54b54441e27454cef89,ra-check-bc473607aa39a18e94dfdbf98833cdc5,5,-0.228028544839038,-0.26370172841926154,-0.03567318358022353,0.2741903915745273,0.29835297342348055,83,79
ra-alt-4ac79a1a6ebcf54b54441e27454cef89,ra-check-bc473607aa39a18e94dfdbf98833cdc5,6,-0.3743143784222882,-0.4263644140891223,-0.05205003566683408,0.315926425274495,0.3327391824092527,82,78
ra-alt-4ac79a1a6ebcf54b54441e27454cef89,ra-check-bc473607aa39a18e94dfdbf98833cdc5,7,-0.36073642672522976,-0.4083382028537539,-0.04760177612852412,0.37204592313135926,0.3990134823943534,81,77
ra-alt-4ac79a1a6ebcf54b54441e27454cef89,ra-check-bc473607aa39a18e94dfdbf98833cdc5,8,-0.4728469298278788,-0.5307663161060572,-0.057919386278178386,0.45459498943419524,0.49045057898112887,80,76
ra-alt-4ac79a1a6ebcf54b54441e27454cef89,ra-check-bc473607aa39a18e94dfdbf98833cdc5,9,-0.633574462499146,-0.7154584459693787,-0.08188398347023274,0.5331970962288147,0.5619275006823378,79,75
ra-alt-4ac79a1a6ebcf54b54441e27454cef89,ra-check-bc473607aa39a18e94dfdbf98833cdc5,10,-0.9177320970198553,-0.9730550881868321,-0.05532299116697681,0.5288314146495513,0.5768734857656331,78,74
ra-alt-4ac79a1a6ebcf54b54441e27454cef89,ra-check-bc473607aa39a18e94dfdbf98833cdc5,11,-1.0268993286290757,-1.0870693583159032,-0.0601700296868275,0.5877216549578701,0.640949459253947,77,73
ra-alt-4ac79a1a6ebcf54b54441e27454cef89,ra-check-bc473607aa39a18e94dfdbf98833cdc5,12,-1.2707114677946487,-1.334965754315735,-0.06425428652108622,0.6357759137437142,0.6804798118311438,76,72
ra-alt-4ac79a1a6ebcf54b54441e27454cef89,ra-check-bc473607aa39a18e94dfdbf98833cdc5,13,-1.5787427864398458,-1.636702497145392,-0.057959710705546286,0.8127718520565138,0.8529722333613885,75,71
ra-alt-4ac79a1a6ebcf54b54441e27454cef89,ra-check-bc473607aa39a18e94dfdbf98833cdc5,14,-1.7528880904816537,-1.8029355604437223,-0.05004746996206855,0.9074788778252456,0.9526109808121126,74,70
ra-alt-4ac79a1a6ebcf54b54441e27454cef89,ra-check-bc473607aa39a18e94dfdbf98833cdc5,15,-1.9211579401840044,-1.988544787770594,-0.06738684758658953,0.941722407804948,0.9869262646320558,73,69
ra-alt-4ac79a1a6ebcf54b54441e27454cef89,ra-check-bc473607aa39a18e94dfdbf98833cdc5,16,-1.9506905899743934,-1.9807927753317096,-0.030102185357316236,0.9374466533394901,0.9574968754705344,72,68
ra-alt-4ac79a1a6ebcf54b54441e27454cef89,ra-check-bc473607aa39a18e94dfdbf98833cdc5,17,-2.019083762751703,-2.0379251547977058,-0.01884139204600288,0.9307194048356139,0.9549543332137485,71,67
ra-alt-ceb642a657cd2fdbd53606433880f7b9,ra-check-bc473607aa39a18e94dfdbf98833cdc5,0,0.03926033726243894,-0.004860910306480448,-0.044121247568919386,0.056984108791936015,0.05132566046237682,88,84
ra-alt-ceb642a657cd2fdbd53606433880f7b9,ra-check-bc473607aa39a18e94dfdbf98833cdc5,1,0.08884441550919353,0.023102595817421245,-0.06574181969177229,0.1173044350317145,0.13262718431457937,87,83
ra-alt-ceb642a657cd2fdbd53606433880f7b9,ra-check-bc473607aa39a18e94dfdbf98833cdc5,2,-0.02728807154893864,-0.05075835964012365,-0.02347028809118501,0.13744670035635603,0.14581490530382393,86,82
ra-alt-ceb642a657cd2fdbd53606433880f7b9,ra-check-bc473607aa39a18e94dfdbf98833cdc5,3,-0.06389949799356032,-0.060275785506597845,0.0036237124869624715,0.16012269767889292,0.17619312818479677,85,81
ra-alt-ceb642a657cd2fdbd53606433880f7b9,ra-check-bc473607aa39a18e94dfdbf98833cdc5,4,-0.0736382750717699,-0.057969324942348854,0.015668950129421044,0.20019531882191136,0.22271196093642187,84,80
ra-alt-ceb642a657cd2fdbd53606433880f7b9,ra-check-bc473607aa39a18e94dfdbf98833cdc5,5,-0.228028544839038,-0.17195678781506962,0.05607175702396838,0.2741903915745273,0.3020754967153017,83,79
ra-alt-ceb642a657cd2fdbd53606433880f7b9,ra-check-bc473607aa39a18e94dfdbf98833cdc5,6,-0.3743143784222882,-0.3233725769865481,0.05094180143574012,0.315926425274495,0.344974197691041,82,78
ra-alt-ceb642a657cd2fdbd53606433880f7b9,ra-check-bc473607aa39a18e94dfdbf98833cdc5,7,-0.36073642672522976,-0.39947287798044107,-0.0387364512552113,0.37204592313135926,0.40314504393610895,81,77
ra-alt-ceb642a657cd2fdbd53606433880f7b9,ra-check-bc473607aa39a18e94dfdbf98833cdc5,8,-0.4728469298278788,-0.4915208470082195,-0.018673917180340727,0.45459498943419524,0.46554859882336336,80,76
ra-alt-ceb642a657cd2fdbd53606433880f7b9,ra-check-bc473607aa39a18e94dfdbf98833cdc5,9,-0.633574462499146,-0.7376595405262729,-0.10408507802712696,0.5331970962288147,0.6055584883179084,79,75
ra-alt-ceb642a657cd2fdbd53606433880f7b9,ra-check-bc473607aa39a18e94dfdbf98833cdc5,10,-0.9177320970198553,-1.0464240512927234,-0.12869195427286817,0.5288314146495513,0.657989326002178,78,74
ra-alt-ceb642a657cd2fdbd53606433880f7b9,ra-check-bc473607aa39a18e94dfdbf98833cdc5,11,-1.0268993286290757,-1.132278311490507,-0.10537898286143133,0.5877216549578701,0.6980714244150703,77,73
ra-alt-ceb642a657cd2fdbd53606433880f7b9,ra-check-bc473607aa39a18e94dfdbf98833cdc5,12,-1.2707114677946487,-1.3011012961734088,-0.03038982837876003,0.6357759137437142,0.6992288507446125,76,72
ra-alt-ceb642a657cd2fdbd53606433880f7b9,ra-check-bc473607aa39a18e94dfdbf98833cdc5,13,-1.5787427864398458,-1.2915206173397153,0.28722216910013043,0.8127718520565138,0.7080591223054937,75,71
ra-alt-ceb642a657cd2fdbd53606433880f7b9,ra-check-bc473607aa39a18e94dfdbf98833cdc5,14,-1.7528880904816537,-1.1986215683788974,0.5542665221027563,0.9074788778252456,0.6711610497503292,74,70
ra-alt-ceb642a657cd2fdbd53606433880f7b9,ra-check-bc473607aa39a18e94dfdbf98833cdc5,15,-1.9211579401840044,-1.2671846226476093,0.6539733175363951,0.941722407804948,0.6892287099738896,73,69
ra-alt-ceb642a657cd2fdbd53606433880f7b9,ra-check-bc473607aa39a18e94dfdbf98833cdc5,16,-1.9506905899743934,-1.438478076181728,0.5122125137926654,0.9374466533394901,0.7890551560460923,72,68
ra-alt-ceb642a657cd2fdbd53606433880f7b9,ra-check-bc473607aa39a18e94dfdbf98833cdc5,17,-2.019083762751703,-1.5248504904816542,0.49423327227004865,0.9307194048356139,0.7674415071587786,71,67
